Akun,Degree_Centrality,Betweenness_Centrality,Eigenvector_Centrality
jntexpressid,0.2610571736785329,0.0008410977607228315,0.6826878856423119
ShopeeID,0.02804746494066882,0.00013979464167138472,0.00012765304683057447
pln_123,0.010787486515641855,1.863928555618463e-05,1.7119611220802795e-10
fsaidhamzah,0.02804746494066882,1.3979464167138473e-05,1.5956634182635125e-05
Telkomsel,0.007551240560949298,1.3979464167138473e-05,2.5489198928750835e-10
JNECare,0.01186623516720604,1.0484598125353855e-05,8.750023512854765e-11
MediaKonsumenID,0.005393743257820927,6.989732083569236e-06,8.750023512854765e-11
wiyantokdr54,0.020496224379719524,5.8247767363076974e-06,1.5956634182635125e-05
shin_977,0.002157497303128371,4.659821389046158e-06,8.750023512854765e-11
tekarok007,0.0032362459546925564,2.329910694523079e-06,8.750023512854765e-11
OmJ_J3Nggott,0.002157497303128371,1.1649553472615394e-06,8.750023512854765e-11
ostakancaka,0.0010787486515641855,0.0,3.804358049067289e-12
ALD1_official,0.0010787486515641855,0.0,8.750023512854765e-11
indriraaaa,0.0032362459546925564,0.0,3.804358049067289e-12
Naiyanaa_W,0.0010787486515641855,0.0,8.750023512854765e-11
intanpayooong,0.0010787486515641855,0.0,3.804358049067289e-12
MuhammadTuhasan,0.0010787486515641855,0.0,8.750023512854765e-11
MisnaWTB,0.0010787486515641855,0.0,3.804358049067289e-12
gambarmasjamu,0.0010787486515641855,0.0,8.750023512854765e-11
Sunghooin,0.0010787486515641855,0.0,8.750023512854765e-11
Ikeser_Melokal,0.0010787486515641855,0.0,8.750023512854765e-11
ALD1staff,0.0010787486515641855,0.0,8.750023512854765e-11
sulkytiger,0.0010787486515641855,0.0,8.750023512854765e-11
ivangoyat,0.0032362459546925564,0.0,3.804358049067289e-12
riekediahp,0.0010787486515641855,0.0,8.750023512854765e-11
KomnasHAM,0.0010787486515641855,0.0,8.750023512854765e-11
KomnasPerempuan,0.0010787486515641855,0.0,8.750023512854765e-11
SS1574597214037,0.0010787486515641855,0.0,3.804358049067289e-12
BBCIndonesia,0.0010787486515641855,0.0,8.750023512854765e-11
LimaWaluSara,0.0010787486515641855,0.0,3.804358049067289e-12
TimelineIDN,0.0010787486515641855,0.0,8.750023512854765e-11
mafavjk,0.0010787486515641855,0.0,3.804358049067289e-12
ulankeiko86,0.0010787486515641855,0.0,8.750023512854765e-11
ThamShiel,0.0010787486515641855,0.0,3.804358049067289e-12
mie_di_kocok,0.0010787486515641855,0.0,8.750023512854765e-11
Libnghe,0.002157497303128371,0.0,3.804358049067289e-12
belleunjiya,0.0010787486515641855,0.0,8.750023512854765e-11
kamarlintang,0.002157497303128371,0.0,1.7119611220802795e-10
saelililili,0.0010787486515641855,0.0,3.804358049067289e-12
gagahmei,0.0010787486515641855,0.0,8.750023512854765e-11
PulaumorotaiB,0.0010787486515641855,0.0,3.804358049067289e-12
klubpompi,0.0010787486515641855,0.0,8.750023512854765e-11
Babyhoneysuga,0.0010787486515641855,0.0,3.804358049067289e-12
omegaenambaik,0.002157497303128371,0.0,3.804358049067289e-12
detailofkookv,0.0010787486515641855,0.0,8.750023512854765e-11
Saturnaethra,0.0010787486515641855,0.0,3.804358049067289e-12
zeiazii,0.0010787486515641855,0.0,8.750023512854765e-11
ArtOfMadLee,0.0010787486515641855,0.0,3.804358049067289e-12
hunniezil,0.0010787486515641855,0.0,3.804358049067289e-12
barcastuff_idn,0.002157497303128371,0.0,1.7119611220802795e-10
M0N0LOGUES,0.0032362459546925564,0.0,3.804358049067289e-12
damariuel,0.0010787486515641855,0.0,8.750023512854765e-11
S0HWNU,0.0010787486515641855,0.0,8.750023512854765e-11
SH0WNUAY0,0.0010787486515641855,0.0,8.750023512854765e-11
OnixRock1902,0.0032362459546925564,0.0,3.804358049067289e-12
xpejuangsepi,0.0010787486515641855,0.0,8.750023512854765e-11
KWijono,0.0010787486515641855,0.0,8.750023512854765e-11
jokowi,0.0032362459546925564,0.0,3.191334825678928e-05
xxtrophile,0.0010787486515641855,0.0,3.804358049067289e-12
oathofpoetry,0.0010787486515641855,0.0,8.750023512854765e-11
DedynurPalakka,0.0010787486515641855,0.0,8.750023512854765e-11
MasamiRogers,0.0010787486515641855,0.0,3.804358049067289e-12
azuchis_kitsune,0.0010787486515641855,0.0,3.804358049067289e-12
lanangwn,0.0010787486515641855,0.0,8.750023512854765e-11
Seph_Bimo,0.0010787486515641855,0.0,8.750023512854765e-11
KjwObokfighting,0.002157497303128371,0.0,3.804358049067289e-12
shinswave,0.0010787486515641855,0.0,8.750023512854765e-11
bolosimbok,0.0010787486515641855,0.0,8.750023512854765e-11
MeilanieAnneth,0.0010787486515641855,0.0,3.804358049067289e-12
biduanssa,0.0010787486515641855,0.0,3.804358049067289e-12
hen0ch,0.0010787486515641855,0.0,8.750023512854765e-11
zatie_nn,0.0010787486515641855,0.0,3.804358049067289e-12
RTesebelah21,0.0010787486515641855,0.0,8.750023512854765e-11
Hello_kopi,0.0010787486515641855,0.0,3.804358049067289e-12
unkwntyrsy,0.0010787486515641855,0.0,3.804358049067289e-12
baekim048,0.0010787486515641855,0.0,8.750023512854765e-11
Cinddoyy,0.0010787486515641855,0.0,3.804358049067289e-12
strawberryuniie,0.0010787486515641855,0.0,8.750023512854765e-11
hooliganbdg,0.002157497303128371,0.0,3.804358049067289e-12
kusuumagusti,0.0010787486515641855,0.0,8.750023512854765e-11
persib,0.0010787486515641855,0.0,8.750023512854765e-11
SirJohnFastolf,0.0010787486515641855,0.0,3.804358049067289e-12
bbarbieie,0.0010787486515641855,0.0,8.750023512854765e-11
akunugrahaa,0.0010787486515641855,0.0,3.804358049067289e-12
Jakartalk,0.0010787486515641855,0.0,8.750023512854765e-11
lingua101,0.0010787486515641855,0.0,3.804358049067289e-12
catatanruh,0.0010787486515641855,0.0,3.804358049067289e-12
lvttel,0.0010787486515641855,0.0,8.750023512854765e-11
ciotaaa4,0.0032362459546925564,0.0,3.804358049067289e-12
bebekmendung,0.0010787486515641855,0.0,8.750023512854765e-11
Gendoet3G,0.0010787486515641855,0.0,9.663069444630914e-10
goldberrygyu,0.0010787486515641855,0.0,8.750023512854765e-11
isaIicia,0.0010787486515641855,0.0,3.804358049067289e-12
Deflictive,0.0010787486515641855,0.0,8.750023512854765e-11
lucivhoonz,0.0010787486515641855,0.0,3.804358049067289e-12
suamrembulan13,0.002157497303128371,0.0,3.804358049067289e-12
ohyulinguistik,0.0010787486515641855,0.0,3.804358049067289e-12
naayabeingnaaya,0.0010787486515641855,0.0,8.750023512854765e-11
nuttelea,0.002157497303128371,0.0,3.804358049067289e-12
odefib,0.0010787486515641855,0.0,8.750023512854765e-11
gl8ssier,0.0010787486515641855,0.0,8.750023512854765e-11
yovrfavbae,0.0010787486515641855,0.0,3.804358049067289e-12
Celesttemere,0.0010787486515641855,0.0,8.750023512854765e-11
YusiIndo,0.0010787486515641855,0.0,3.804358049067289e-12
DoankWarto,0.0010787486515641855,0.0,8.750023512854765e-11
mochramdhani24,0.0010787486515641855,0.0,3.804358049067289e-12
Ayutitaagmailc1,0.002157497303128371,0.0,1.7119611220802795e-10
Not_Anyone007,0.0032362459546925564,0.0,3.804358049067289e-12
tukangdisen,0.0010787486515641855,0.0,8.750023512854765e-11
dekayulianto,0.0010787486515641855,0.0,8.750023512854765e-11
f1speed_indo,0.002157497303128371,0.0,1.7119611220802795e-10
arsenalskitchen,0.0010787486515641855,0.0,3.804358049067289e-12
a_gunner_id,0.0010787486515641855,0.0,8.750023512854765e-11
MMblue23,0.0010787486515641855,0.0,3.804358049067289e-12
Jisunghamsters,0.0010787486515641855,0.0,8.750023512854765e-11
D_DachroN,0.0010787486515641855,0.0,3.804358049067289e-12
molvscaa_,0.0010787486515641855,0.0,8.750023512854765e-11
yslstxxib,0.0010787486515641855,0.0,3.804358049067289e-12
ctzynabluuu,0.0010787486515641855,0.0,3.804358049067289e-12
seanjogja,0.0010787486515641855,0.0,8.750023512854765e-11
Lovely_2209jy,0.0010787486515641855,0.0,3.804358049067289e-12
PENJUALMIRAZ,0.002157497303128371,0.0,3.804358049067289e-12
sofyan_juve1897,0.0010787486515641855,0.0,8.750023512854765e-11
seniman_bola,0.0010787486515641855,0.0,8.750023512854765e-11
kulipost,0.0010787486515641855,0.0,3.804358049067289e-12
dhemit_is_back,0.0010787486515641855,0.0,8.750023512854765e-11
faizcazika,0.0010787486515641855,0.0,3.804358049067289e-12
fillainart,0.0010787486515641855,0.0,8.750023512854765e-11
zyaqff_,0.0010787486515641855,0.0,3.804358049067289e-12
wakeone_offcl,0.002157497303128371,0.0,1.7119611220802795e-10
onyourb_els,0.0010787486515641855,0.0,3.804358049067289e-12
naisueu,0.0010787486515641855,0.0,8.750023512854765e-11
sukangantukk__,0.0010787486515641855,0.0,3.804358049067289e-12
KapudS640,0.005393743257820927,0.0,4.222837434464687e-10
xyenif,0.0010787486515641855,0.0,8.750023512854765e-11
halu090799,0.0010787486515641855,0.0,8.750023512854765e-11
DUYUDRANA,0.0010787486515641855,0.0,3.804358049067289e-12
Sombadra,0.0010787486515641855,0.0,8.750023512854765e-11
BhrePajang77547,0.0010787486515641855,0.0,3.804358049067289e-12
ruliemaulana,0.0010787486515641855,0.0,8.750023512854765e-11
blissofsatin,0.0010787486515641855,0.0,3.804358049067289e-12
matchamouchi,0.0010787486515641855,0.0,8.750023512854765e-11
ssasallisaa,0.0010787486515641855,0.0,3.804358049067289e-12
dilajellybaby,0.0010787486515641855,0.0,8.750023512854765e-11
HaryaWee,0.0010787486515641855,0.0,3.804358049067289e-12
ciptanna,0.0032362459546925564,0.0,3.804358049067289e-12
ellbebelac,0.0010787486515641855,0.0,8.750023512854765e-11
scftsunlightt,0.0010787486515641855,0.0,3.804358049067289e-12
guesswho2702,0.0010787486515641855,0.0,8.750023512854765e-11
sweetiemaj_,0.0010787486515641855,0.0,3.804358049067289e-12
wardigas,0.0010787486515641855,0.0,8.750023512854765e-11
libraryofrel,0.0010787486515641855,0.0,3.804358049067289e-12
saoirsoule,0.0010787486515641855,0.0,8.750023512854765e-11
sxanctuary,0.0010787486515641855,0.0,3.804358049067289e-12
taleofthehills,0.0010787486515641855,0.0,8.750023512854765e-11
Gawonre,0.0010787486515641855,0.0,3.804358049067289e-12
therevotuka,0.0010787486515641855,0.0,8.750023512854765e-11
fatheleven,0.0010787486515641855,0.0,3.804358049067289e-12
LitaaRahayu,0.002157497303128371,0.0,3.804358049067289e-12
san_ty1208,0.0010787486515641855,0.0,8.750023512854765e-11
wahyunidevi95,0.0010787486515641855,0.0,8.750023512854765e-11
dfveraq,0.0010787486515641855,0.0,3.804358049067289e-12
patrickharimo,0.002157497303128371,0.0,3.804358049067289e-12
ikithsylus,0.0010787486515641855,0.0,8.750023512854765e-11
Bsuworo,0.0010787486515641855,0.0,8.750023512854765e-11
wawo_rizal,0.0010787486515641855,0.0,3.804358049067289e-12
AdamVelcro,0.0010787486515641855,0.0,8.750023512854765e-11
Zaeldrian,0.0010787486515641855,0.0,3.804358049067289e-12
sroigne,0.0010787486515641855,0.0,8.750023512854765e-11
minsidisjamil01,0.0010787486515641855,0.0,3.804358049067289e-12
Uki23,0.0010787486515641855,0.0,8.750023512854765e-11
Xabilonia,0.002157497303128371,0.0,3.804358049067289e-12
yogie1998168091,0.0010787486515641855,0.0,8.750023512854765e-11
Chelsdays_,0.0010787486515641855,0.0,8.750023512854765e-11
Aira_labiba1721,0.0010787486515641855,0.0,3.804358049067289e-12
arararara01,0.0010787486515641855,0.0,8.750023512854765e-11
hi_shoyoo,0.0010787486515641855,0.0,3.804358049067289e-12
sstarelight,0.0010787486515641855,0.0,3.804358049067289e-12
PutriKayan16645,0.0010787486515641855,0.0,8.750023512854765e-11
negmative,0.002157497303128371,0.0,3.804358049067289e-12
gevmol,0.0010787486515641855,0.0,8.750023512854765e-11
bermuara_sayang,0.0010787486515641855,0.0,8.750023512854765e-11
KompasTV,0.0010787486515641855,0.0,8.750023512854765e-11
catchmeupco,0.0010787486515641855,0.0,8.750023512854765e-11
CNNIndonesia,0.0010787486515641855,0.0,8.750023512854765e-11
pwettyribbon,0.0010787486515641855,0.0,3.804358049067289e-12
vitojordano,0.0010787486515641855,0.0,8.750023512854765e-11
indrapebriana92,0.002157497303128371,0.0,3.804358049067289e-12
tempedotc0,0.0010787486515641855,0.0,8.750023512854765e-11
b0nnysidharta,0.0010787486515641855,0.0,8.750023512854765e-11
Penyok86_,0.0010787486515641855,0.0,3.804358049067289e-12
abulmuzaffar10,0.0010787486515641855,0.0,8.750023512854765e-11
Deans644511,0.002157497303128371,0.0,3.804358049067289e-12
FiersaBesari,0.0010787486515641855,0.0,8.750023512854765e-11
SuperGrok,0.0010787486515641855,0.0,8.750023512854765e-11
gegh_sruii,0.0010787486515641855,0.0,3.804358049067289e-12
xquitavee,0.0010787486515641855,0.0,8.750023512854765e-11
mahirusky,0.0010787486515641855,0.0,3.804358049067289e-12
xyz_baobei,0.0010787486515641855,0.0,8.750023512854765e-11
adigseaj,0.002157497303128371,0.0,3.804358049067289e-12
IDGoonerscom,0.002157497303128371,0.0,1.7119611220802795e-10
MiguelDelaney,0.0010787486515641855,0.0,8.750023512854765e-11
ciaafe,0.0010787486515641855,0.0,3.804358049067289e-12
morikow_,0.0010787486515641855,0.0,3.804358049067289e-12
widoublev,0.0010787486515641855,0.0,3.804358049067289e-12
NINGandYIZHOU,0.0010787486515641855,0.0,3.804358049067289e-12
flllowiee,0.0010787486515641855,0.0,8.750023512854765e-11
ibnu_s_rIxiiIAs,0.0032362459546925564,0.0,3.804358049067289e-12
Tan_Mar3M,0.002157497303128371,0.0,1.7119611220802795e-10
dailyraaxz,0.002157497303128371,0.0,3.804358049067289e-12
ggggjcy__,0.0010787486515641855,0.0,8.750023512854765e-11
kompascom,0.002157497303128371,0.0,1.7119611220802795e-10
binhaobeen,0.0010787486515641855,0.0,3.804358049067289e-12
snowz1120,0.0010787486515641855,0.0,8.750023512854765e-11
Wintlr,0.0010787486515641855,0.0,3.804358049067289e-12
prolly_threw_it,0.002157497303128371,0.0,1.7119611220802795e-10
TaeNyPau,0.0010787486515641855,0.0,3.804358049067289e-12
lacedinlines,0.0010787486515641855,0.0,8.750023512854765e-11
wanpichitea,0.0010787486515641855,0.0,3.804358049067289e-12
_Chryssanthemum,0.0010787486515641855,0.0,8.750023512854765e-11
sangiwons,0.002157497303128371,0.0,3.804358049067289e-12
henrysubiakto,0.0010787486515641855,0.0,8.750023512854765e-11
soujnghwan,0.0010787486515641855,0.0,8.750023512854765e-11
aziz180501,0.007551240560949298,0.0,3.804358049067289e-12
darta92414229,0.0010787486515641855,0.0,8.750023512854765e-11
SigitWasito8,0.0010787486515641855,0.0,8.750023512854765e-11
yamato46_,0.0010787486515641855,0.0,3.804358049067289e-12
MireinaRiviere,0.0010787486515641855,0.0,8.750023512854765e-11
ifranaie,0.002157497303128371,0.0,3.804358049067289e-12
MessSamPlat,0.0010787486515641855,0.0,8.750023512854765e-11
SyedAkramin,0.0010787486515641855,0.0,8.750023512854765e-11
hans_wiranda,0.0010787486515641855,0.0,3.804358049067289e-12
PaltiHutabarat,0.0010787486515641855,0.0,8.750023512854765e-11
soberiyynie,0.002157497303128371,0.0,3.804358049067289e-12
hyangthanos,0.0010787486515641855,0.0,8.750023512854765e-11
unmagnetism,0.0010787486515641855,0.0,8.750023512854765e-11
younjgyae,0.0010787486515641855,0.0,8.750023512854765e-11
UTDEve,0.0010787486515641855,0.0,8.750023512854765e-11
Goob_Goombas,0.002157497303128371,0.0,3.804358049067289e-12
TalismanGaruda1,0.0010787486515641855,0.0,8.750023512854765e-11
LembagaKERIS,0.0010787486515641855,0.0,8.750023512854765e-11
rvenslyclaw,0.0010787486515641855,0.0,3.804358049067289e-12
ChouSenka,0.0010787486515641855,0.0,8.750023512854765e-11
imnotayu_,0.0010787486515641855,0.0,9.663069444630914e-10
DambaanA,0.002157497303128371,0.0,3.804358049067289e-12
CCICPolri,0.0010787486515641855,0.0,8.750023512854765e-11
DivHumas_Polri,0.0010787486515641855,0.0,8.750023512854765e-11
asxcen,0.0010787486515641855,0.0,3.804358049067289e-12
B3doel___,0.0010787486515641855,0.0,8.750023512854765e-11
abcdenhaipen,0.0010787486515641855,0.0,3.804358049067289e-12
appaditya,0.002157497303128371,0.0,3.804358049067289e-12
lvsnskey,0.0032362459546925564,0.0,3.804358049067289e-12
woyxoung,0.0010787486515641855,0.0,8.750023512854765e-11
Nagabuah3,0.0010787486515641855,0.0,3.804358049067289e-12
TaliUdeng,0.0010787486515641855,0.0,8.750023512854765e-11
manusiayangbeg,0.0010787486515641855,0.0,8.750023512854765e-11
mar99435,0.002157497303128371,0.0,3.804358049067289e-12
ARSIPAJA,0.002157497303128371,0.0,1.7119611220802795e-10
fushitobio,0.0010787486515641855,0.0,3.804358049067289e-12
MikazukiArion,0.0010787486515641855,0.0,8.750023512854765e-11
jhyn_jedam,0.0010787486515641855,0.0,3.804358049067289e-12
treasuremenfess,0.0010787486515641855,0.0,8.750023512854765e-11
luvhesarilla,0.0032362459546925564,0.0,3.804358049067289e-12
yooleclerc,0.0010787486515641855,0.0,8.750023512854765e-11
syankara_,0.0010787486515641855,0.0,8.750023512854765e-11
AstarNetwork,0.0010787486515641855,0.0,8.750023512854765e-11
bojonedazai,0.002157497303128371,0.0,3.804358049067289e-12
bavkyard,0.0010787486515641855,0.0,8.750023512854765e-11
worksfess,0.0010787486515641855,0.0,8.750023512854765e-11
FadilahMs27,0.0032362459546925564,0.0,3.804358049067289e-12
straykilograms,0.0010787486515641855,0.0,8.750023512854765e-11
goodnice1286414,0.0010787486515641855,0.0,3.804358049067289e-12
empty__core,0.002157497303128371,0.0,1.7119611220802795e-10
sharpandshark,0.0010787486515641855,0.0,3.804358049067289e-12
bayu56769104,0.0010787486515641855,0.0,8.750023512854765e-11
dancol__,0.0010787486515641855,0.0,3.804358049067289e-12
karedd_,0.002157497303128371,0.0,3.804358049067289e-12
qgemini1906,0.0010787486515641855,0.0,8.750023512854765e-11
iyeajadeh,0.0010787486515641855,0.0,8.750023512854765e-11
aryalgaw,0.0010787486515641855,0.0,8.750023512854765e-11
MAGMAEnt,0.0010787486515641855,0.0,8.750023512854765e-11
Biyaaa_58,0.002157497303128371,0.0,3.804358049067289e-12
officialJKT48,0.002157497303128371,0.0,1.7119611220802795e-10
moshi2jkt48,0.002157497303128371,0.0,1.7119611220802795e-10
Buya_Pree_,0.0010787486515641855,0.0,3.804358049067289e-12
Mia_Kyushu,0.0010787486515641855,0.0,8.750023512854765e-11
borabuchanesu,0.0010787486515641855,0.0,3.804358049067289e-12
kuromingtis,0.0010787486515641855,0.0,8.750023512854765e-11
AbidinM12,0.002157497303128371,0.0,3.804358049067289e-12
txtdrstoryWA,0.0010787486515641855,0.0,8.750023512854765e-11
bimbelwangi,0.002157497303128371,0.0,3.804358049067289e-12
indepenSumatera,0.0010787486515641855,0.0,8.750023512854765e-11
IrsyadArif1,0.002157497303128371,0.0,3.804358049067289e-12
moviegoersphile,0.002157497303128371,0.0,3.804358049067289e-12
sinemart_ph,0.0010787486515641855,0.0,8.750023512854765e-11
SCTV,0.0010787486515641855,0.0,8.750023512854765e-11
Ayummy37,0.0010787486515641855,0.0,3.804358049067289e-12
txtfrombrand,0.0010787486515641855,0.0,8.750023512854765e-11
rajapeanutbuter,0.0010787486515641855,0.0,3.804358049067289e-12
mhuseinali,0.0010787486515641855,0.0,8.750023512854765e-11
minsugar__,0.0010787486515641855,0.0,3.804358049067289e-12
18fesss,0.0010787486515641855,0.0,8.750023512854765e-11
DoomCaptai87703,0.0010787486515641855,0.0,3.804358049067289e-12
isboygood,0.0010787486515641855,0.0,3.804358049067289e-12
DibajakMeng,0.0010787486515641855,0.0,3.804358049067289e-12
archeerl,0.0010787486515641855,0.0,8.750023512854765e-11
IDASH_Offi,0.0010787486515641855,0.0,3.804358049067289e-12
ramdaniahmad36,0.0010787486515641855,0.0,3.804358049067289e-12
dinosbinos06,0.0010787486515641855,0.0,3.804358049067289e-12
Xbacottetangga,0.0010787486515641855,0.0,8.750023512854765e-11
jelasngamuk,0.0010787486515641855,0.0,3.804358049067289e-12
cvntiehpya,0.0010787486515641855,0.0,3.804358049067289e-12
UulRahman2,0.0010787486515641855,0.0,8.750023512854765e-11
BinocularEye5,0.0010787486515641855,0.0,3.804358049067289e-12
Hnirankara,0.0010787486515641855,0.0,8.750023512854765e-11
sugikleo06,0.0010787486515641855,0.0,3.804358049067289e-12
N_IntanJKT48,0.0010787486515641855,0.0,8.750023512854765e-11
RiziqGuntur,0.002157497303128371,0.0,3.804358049067289e-12
setia1heri,0.0010787486515641855,0.0,8.750023512854765e-11
niwseir,0.0010787486515641855,0.0,8.750023512854765e-11
NDevrialdo81837,0.0010787486515641855,0.0,3.804358049067289e-12
JLion555,0.0010787486515641855,0.0,3.804358049067289e-12
cleuponn,0.0010787486515641855,0.0,8.750023512854765e-11
tempodotco,0.0010787486515641855,0.0,8.750023512854765e-11
Eddy4S464S,0.002157497303128371,0.0,3.804358049067289e-12
Pamankarta,0.0010787486515641855,0.0,8.750023512854765e-11
kenhans03,0.0010787486515641855,0.0,8.750023512854765e-11
farhakiim,0.0010787486515641855,0.0,3.804358049067289e-12
HabisNontonFilm,0.0010787486515641855,0.0,8.750023512854765e-11
cleavzy,0.006472491909385113,0.0,3.804358049067289e-12
_nagininagini,0.0010787486515641855,0.0,8.750023512854765e-11
cintakudisanahu,0.0010787486515641855,0.0,8.750023512854765e-11
taufiqurra_,0.0010787486515641855,0.0,8.750023512854765e-11
noodlecuddle,0.0010787486515641855,0.0,8.750023512854765e-11
noverita_must,0.0010787486515641855,0.0,8.750023512854765e-11
hrdbacot,0.0010787486515641855,0.0,8.750023512854765e-11
TwintaKumala,0.002157497303128371,0.0,3.804358049067289e-12
yerisgood,0.0010787486515641855,0.0,8.750023512854765e-11
urvdoy23,0.002157497303128371,0.0,3.804358049067289e-12
ggukygi,0.0010787486515641855,0.0,8.750023512854765e-11
lovingnetjj,0.0010787486515641855,0.0,8.750023512854765e-11
kimbrleas,0.0010787486515641855,0.0,3.804358049067289e-12
eulraei,0.0010787486515641855,0.0,8.750023512854765e-11
hendrie_1985,0.0010787486515641855,0.0,3.804358049067289e-12
RahmaTasbi,0.0010787486515641855,0.0,3.804358049067289e-12
Matt_Rodjack,0.0010787486515641855,0.0,3.804358049067289e-12
Boediantar4,0.0010787486515641855,0.0,8.750023512854765e-11
Magentainthesky,0.0010787486515641855,0.0,3.804358049067289e-12
Anwarbohebo,0.0010787486515641855,0.0,3.804358049067289e-12
confucksed,0.0010787486515641855,0.0,3.804358049067289e-12
ajengmi,0.0010787486515641855,0.0,3.804358049067289e-12
ZabilaZan17585,0.0010787486515641855,0.0,3.804358049067289e-12
mynewshub,0.0010787486515641855,0.0,8.750023512854765e-11
kresbung,0.0010787486515641855,0.0,9.663069444630914e-10
verbotenviking,0.0010787486515641855,0.0,3.804358049067289e-12
VioletaCalytrix,0.0010787486515641855,0.0,8.750023512854765e-11
aniblogsan52394,0.0010787486515641855,0.0,3.804358049067289e-12
JalurS32550,0.0010787486515641855,0.0,3.804358049067289e-12
pendapatpribumi,0.0010787486515641855,0.0,8.750023512854765e-11
jstnprkx,0.0010787486515641855,0.0,3.804358049067289e-12
ygent_official,0.0010787486515641855,0.0,8.750023512854765e-11
zahraquinsha,0.0010787486515641855,0.0,3.804358049067289e-12
Sentani_REBORN,0.0010787486515641855,0.0,8.750023512854765e-11
VARca5ucl,0.0010787486515641855,0.0,3.804358049067289e-12
97_jnjkk,0.0010787486515641855,0.0,3.804358049067289e-12
StartaleGroup,0.0010787486515641855,0.0,8.750023512854765e-11
tty2_tyty,0.0010787486515641855,0.0,3.804358049067289e-12
kami_kissah,0.0010787486515641855,0.0,8.750023512854765e-11
kanikahrmwn,0.0010787486515641855,0.0,3.804358049067289e-12
clairehe1l,0.0010787486515641855,0.0,8.750023512854765e-11
18Januari26,0.0010787486515641855,0.0,3.804358049067289e-12
arya_saloka,0.0010787486515641855,0.0,8.750023512854765e-11
nswnis,0.0010787486515641855,0.0,3.804358049067289e-12
bckupacc99,0.0010787486515641855,0.0,8.750023512854765e-11
ebonXboy,0.002157497303128371,0.0,3.1913264560912204e-05
justomonD,0.0010787486515641855,0.0,1.5956634182635125e-05
evelyndewi7,0.002157497303128371,0.0,3.1913264560912204e-05
killingmaster27,0.0010787486515641855,0.0,1.5956634182635125e-05
EviDrajat,0.002157497303128371,0.0,3.1913264560912204e-05
slythaerinza,0.0010787486515641855,0.0,8.750023512854765e-11
Tangankanancuan,0.0010787486515641855,0.0,8.750023512854765e-11
SabaruddinSel,0.0010787486515641855,0.0,3.804358049067289e-12
MalaysiaGazette,0.0010787486515641855,0.0,8.750023512854765e-11
morverncalar,0.0010787486515641855,0.0,3.804358049067289e-12
kalistohenituse,0.0010787486515641855,0.0,3.804358049067289e-12
BudiBukanIntel,0.0010787486515641855,0.0,8.750023512854765e-11
Weltschmerz_98,0.0010787486515641855,0.0,3.804358049067289e-12
haloakusa,0.0010787486515641855,0.0,8.750023512854765e-11
mrtweepsID,0.0010787486515641855,0.0,3.804358049067289e-12
WongAlasRoban,0.0010787486515641855,0.0,8.750023512854765e-11
LaseAdilX,0.0010787486515641855,0.0,3.804358049067289e-12
0x_Cannabis,0.0010787486515641855,0.0,8.750023512854765e-11
King_PWS_,0.002157497303128371,0.0,3.1913264560912204e-05
Smithyjohnwznd,0.0010787486515641855,0.0,8.750023512854765e-11
JimEsjo,0.0010787486515641855,0.0,3.804358049067289e-12
regar_op0sisi,0.002157497303128371,0.0,1.7119611220802795e-10
abah_mumtaz,0.002157497303128371,0.0,3.804358049067289e-12
RagilSemar,0.0010787486515641855,0.0,8.750023512854765e-11
BarisanPemudaRI,0.0010787486515641855,0.0,8.750023512854765e-11
RubySkykid15,0.0010787486515641855,0.0,8.750023512854765e-11
nararinrin_,0.0010787486515641855,0.0,8.750023512854765e-11
RizalRi27840524,0.0010787486515641855,0.0,3.804358049067289e-12
ADina39399,0.002157497303128371,0.0,3.804358049067289e-12
DanteGizot,0.0010787486515641855,0.0,8.750023512854765e-11
xendless_s,0.0010787486515641855,0.0,8.750023512854765e-11
dandeviant,0.004314994606256742,0.0,3.804358049067289e-12
me_Sae_I,0.0010787486515641855,0.0,8.750023512854765e-11
FeisiTangg,0.0010787486515641855,0.0,8.750023512854765e-11
PDI_Perjuangan,0.0010787486515641855,0.0,1.5956634182635125e-05
DN_aisyah,0.0010787486515641855,0.0,3.804358049067289e-12
keluhkesahkonoh,0.002157497303128371,0.0,1.7119611220802795e-10
physx_07,0.002157497303128371,0.0,3.804358049067289e-12
ryyo_aja,0.0010787486515641855,0.0,8.750023512854765e-11
MySaviorJesus77,0.0010787486515641855,0.0,3.804358049067289e-12
zy_zy_lestary,0.0010787486515641855,0.0,8.750023512854765e-11
bilsbilw,0.0010787486515641855,0.0,3.804358049067289e-12
I_KathrinaJKT48,0.0010787486515641855,0.0,8.750023512854765e-11
nayakayp,0.0010787486515641855,0.0,3.804358049067289e-12
madshader,0.0010787486515641855,0.0,8.750023512854765e-11
LAMPAE99,0.002157497303128371,0.0,3.804358049067289e-12
Kemlu_RI,0.0010787486515641855,0.0,8.750023512854765e-11
netanyahu,0.0010787486515641855,0.0,8.750023512854765e-11
AriskaPutraS,0.0010787486515641855,0.0,1.5956634182635125e-05
SoangMedCenter,0.0010787486515641855,0.0,8.750023512854765e-11
WeeNiDv,0.0010787486515641855,0.0,1.5956634182635125e-05
Hermoyliana,0.0010787486515641855,0.0,1.5956634182635125e-05
IlhamIl31227484,0.0010787486515641855,0.0,1.5956634182635125e-05
AntonRebor79105,0.0010787486515641855,0.0,1.5956634182635125e-05
SmileyNDeLight,0.0010787486515641855,0.0,1.5956634182635125e-05
bungalotus25,0.0010787486515641855,0.0,1.5956634182635125e-05
Rahmah0845,0.0010787486515641855,0.0,1.5956634182635125e-05
Pieter_Sun01,0.0010787486515641855,0.0,1.5956634182635125e-05
RSjahfidi,0.0010787486515641855,0.0,1.5956634182635125e-05
ListyoSigitP,0.0010787486515641855,0.0,1.5956634182635125e-05
SukardiYahya,0.0010787486515641855,0.0,1.5956634182635125e-05
mizukaizoki32,0.0032362459546925564,0.0,3.804358049067289e-12
soneium,0.0010787486515641855,0.0,8.750023512854765e-11
sylusie,0.0010787486515641855,0.0,3.804358049067289e-12
a8sar6alih,0.002157497303128371,0.0,3.1913264560912204e-05
HumorJonTampan,0.002157497303128371,0.0,3.1913264560912204e-05
daliewananta,0.0010787486515641855,0.0,1.5956634182635125e-05
Jediimar,0.002157497303128371,0.0,3.1913264560912204e-05
katrinrienks,0.002157497303128371,0.0,3.1913264560912204e-05
gangsterrandom,0.002157497303128371,0.0,3.1913264560912204e-05
Yens0906,0.002157497303128371,0.0,3.1913264560912204e-05
tokaidirecycle,0.002157497303128371,0.0,3.1913264560912204e-05
BuruCeleng96454,0.0010787486515641855,0.0,1.5956634182635125e-05
NgLelang,0.0010787486515641855,0.0,3.804358049067289e-12
Desssyrosse,0.0010787486515641855,0.0,8.750023512854765e-11
jonbasten1,0.0010787486515641855,0.0,3.804358049067289e-12
0xhanyfa,0.0010787486515641855,0.0,8.750023512854765e-11
Txtmlbb_,0.0010787486515641855,0.0,8.750023512854765e-11
vvotanet,0.0010787486515641855,0.0,8.750023512854765e-11
sorosamatsih,0.0010787486515641855,0.0,3.804358049067289e-12
MorphoMenelausX,0.0010787486515641855,0.0,8.750023512854765e-11
Soram823,0.0010787486515641855,0.0,3.804358049067289e-12
flutterpaje,0.0010787486515641855,0.0,8.750023512854765e-11
MailG_97,0.0010787486515641855,0.0,3.804358049067289e-12
chairmanGLC,0.0010787486515641855,0.0,8.750023512854765e-11
harian_madrid,0.0010787486515641855,0.0,3.804358049067289e-12
SeputarMadrid,0.0010787486515641855,0.0,8.750023512854765e-11
ZimanPargad2,0.0010787486515641855,0.0,3.804358049067289e-12
RizalPaputungan,0.0010787486515641855,0.0,3.804358049067289e-12
sembilanbelas85,0.0032362459546925564,0.0,3.804358049067289e-12
prabowo,0.002157497303128371,0.0,1.7119611220802795e-10
ashrafaf1f,0.0010787486515641855,0.0,3.804358049067289e-12
harjisito,0.0010787486515641855,0.0,3.804358049067289e-12
txttransportasi,0.0010787486515641855,0.0,8.750023512854765e-11
neweazt,0.0010787486515641855,0.0,3.804358049067289e-12
ximilykiti,0.0010787486515641855,0.0,8.750023512854765e-11
detik_sumbagsel,0.0010787486515641855,0.0,8.750023512854765e-11
detikbali__,0.0010787486515641855,0.0,8.750023512854765e-11
babywdol,0.0010787486515641855,0.0,3.804358049067289e-12
fahzzsy,0.0010787486515641855,0.0,8.750023512854765e-11
ameleezuy,0.0010787486515641855,0.0,3.804358049067289e-12
selenophee,0.0010787486515641855,0.0,8.750023512854765e-11
yaudahatuhhayuk,0.0010787486515641855,0.0,3.804358049067289e-12
jiqmim,0.0010787486515641855,0.0,3.804358049067289e-12
laternrite,0.0010787486515641855,0.0,8.750023512854765e-11
AnolLimoes,0.0010787486515641855,0.0,3.804358049067289e-12
suyono_novi,0.002157497303128371,0.0,3.804358049067289e-12
hellogiaaa,0.002157497303128371,0.0,3.804358049067289e-12
r00msixhxe,0.0010787486515641855,0.0,8.750023512854765e-11
flashstore_id,0.0010787486515641855,0.0,8.750023512854765e-11
tangerinz93,0.0010787486515641855,0.0,3.804358049067289e-12
azis95,0.0010787486515641855,0.0,8.750023512854765e-11
euncseok,0.0010787486515641855,0.0,3.804358049067289e-12
evunwoo,0.0010787486515641855,0.0,8.750023512854765e-11
lsaaaaevr,0.0010787486515641855,0.0,3.804358049067289e-12
fairybeing,0.0010787486515641855,0.0,3.804358049067289e-12
aloeceraa,0.0010787486515641855,0.0,8.750023512854765e-11
AlvChrist,0.0010787486515641855,0.0,3.804358049067289e-12
yourmrsmoon,0.0010787486515641855,0.0,3.804358049067289e-12
siladibel,0.0010787486515641855,0.0,3.804358049067289e-12
virtualballers,0.0010787486515641855,0.0,8.750023512854765e-11
Kopikenangan_ID,0.0010787486515641855,0.0,8.750023512854765e-11
rioskybatch,0.0010787486515641855,0.0,8.750023512854765e-11
needjinnie,0.0010787486515641855,0.0,3.804358049067289e-12
Seotulge,0.0010787486515641855,0.0,8.750023512854765e-11
bbyhaeyongie,0.0010787486515641855,0.0,3.804358049067289e-12
uwooscu,0.0010787486515641855,0.0,8.750023512854765e-11
hiitsmerism,0.002157497303128371,0.0,3.804358049067289e-12
gopayindonesia,0.0010787486515641855,0.0,8.750023512854765e-11
gojekindonesia,0.0010787486515641855,0.0,8.750023512854765e-11
rrawrpunzel,0.002157497303128371,0.0,3.804358049067289e-12
teevanich,0.0010787486515641855,0.0,8.750023512854765e-11
biasgueimut,0.0010787486515641855,0.0,8.750023512854765e-11
mahardikayusuff,0.0010787486515641855,0.0,3.804358049067289e-12
cleanitbeforego,0.0010787486515641855,0.0,8.750023512854765e-11
xoxodiary1112,0.0010787486515641855,0.0,8.750023512854765e-11
pfaalibrary,0.0010787486515641855,0.0,3.804358049067289e-12
bentangpustaka,0.0010787486515641855,0.0,8.750023512854765e-11
_BangFu,0.0010787486515641855,0.0,3.804358049067289e-12
chimmynunna,0.0010787486515641855,0.0,3.804358049067289e-12
wondeo_full,0.0010787486515641855,0.0,8.750023512854765e-11
popcrwon,0.0010787486515641855,0.0,3.804358049067289e-12
Myyouuuuu97,0.0010787486515641855,0.0,8.750023512854765e-11
giminraffe_,0.0010787486515641855,0.0,3.804358049067289e-12
beruybah,0.0010787486515641855,0.0,3.804358049067289e-12
damkiedd,0.0010787486515641855,0.0,8.750023512854765e-11
gustixa,0.0010787486515641855,0.0,3.804358049067289e-12
elmaestro7110,0.0010787486515641855,0.0,8.750023512854765e-11
kiyowonamja,0.002157497303128371,0.0,3.804358049067289e-12
iliotroopioo,0.0010787486515641855,0.0,3.804358049067289e-12
febriprata97392,0.0010787486515641855,0.0,3.804358049067289e-12
matchalatteeee6,0.0010787486515641855,0.0,3.804358049067289e-12
byeongari_14,0.0010787486515641855,0.0,3.804358049067289e-12
Najasminne,0.0010787486515641855,0.0,3.804358049067289e-12
jaehyunvvife,0.0010787486515641855,0.0,3.804358049067289e-12
scaramouche_99,0.0010787486515641855,0.0,3.804358049067289e-12
zenithst_,0.002157497303128371,0.0,3.804358049067289e-12
baseconvo,0.0010787486515641855,0.0,8.750023512854765e-11
aripurahita13,0.0010787486515641855,0.0,3.804358049067289e-12
meruparupa,0.0010787486515641855,0.0,3.804358049067289e-12
paramawari27,0.0010787486515641855,0.0,3.804358049067289e-12
hendrakoesmara,0.0010787486515641855,0.0,3.804358049067289e-12
camcamc91712778,0.002157497303128371,0.0,3.804358049067289e-12
olynyaya,0.0010787486515641855,0.0,3.804358049067289e-12
CiOla_l4njut,0.0010787486515641855,0.0,3.804358049067289e-12
mustikayzm,0.0010787486515641855,0.0,3.804358049067289e-12
beautiaf,0.0010787486515641855,0.0,3.804358049067289e-12
adi_mario123,0.0010787486515641855,0.0,3.804358049067289e-12
__PASMANTAP,0.0010787486515641855,0.0,3.804358049067289e-12
labersonly,0.0010787486515641855,0.0,3.804358049067289e-12
peonyverdicts,0.0010787486515641855,0.0,3.804358049067289e-12
minnaypon,0.0010787486515641855,0.0,3.804358049067289e-12
callistazee_,0.0010787486515641855,0.0,3.804358049067289e-12
_smokendmirror,0.0010787486515641855,0.0,3.804358049067289e-12
stockmapping,0.0010787486515641855,0.0,3.804358049067289e-12
bekalicky,0.010787486515641855,0.0,3.804358049067289e-12
SosmedAnu,0.0010787486515641855,0.0,8.750023512854765e-11
kemendespdt,0.0010787486515641855,0.0,8.750023512854765e-11
nsvrn_,0.0010787486515641855,0.0,3.804358049067289e-12
Dendyramd,0.0010787486515641855,0.0,3.804358049067289e-12
ppopcorncgv,0.0010787486515641855,0.0,3.804358049067289e-12
bucanorng,0.0010787486515641855,0.0,3.804358049067289e-12
tikionly,0.0010787486515641855,0.0,3.804358049067289e-12
vnovi__,0.0010787486515641855,0.0,3.804358049067289e-12
rzkuukies___,0.0010787486515641855,0.0,3.804358049067289e-12
lalayayeyo,0.0010787486515641855,0.0,3.804358049067289e-12
rutohwa,0.0010787486515641855,0.0,3.804358049067289e-12
2leemjen,0.0010787486515641855,0.0,3.804358049067289e-12
kidohyon,0.0010787486515641855,0.0,3.804358049067289e-12
TatagDoni,0.0010787486515641855,0.0,3.804358049067289e-12
notyourtypedek,0.0010787486515641855,0.0,3.804358049067289e-12
chaegorae,0.002157497303128371,0.0,8.750023512854765e-11
RyuAileenn,0.0010787486515641855,0.0,3.804358049067289e-12
zzoxldyck,0.0010787486515641855,0.0,3.804358049067289e-12
info_preloved,0.002157497303128371,0.0,3.804358049067289e-12
jellypastaa,0.0010787486515641855,0.0,8.750023512854765e-11
chicooyaaaaa,0.0010787486515641855,0.0,3.804358049067289e-12
haftstellae,0.0010787486515641855,0.0,3.804358049067289e-12
bainkhakim,0.002157497303128371,0.0,3.804358049067289e-12
skinatvelvet,0.0010787486515641855,0.0,3.804358049067289e-12
rizkidinifa22,0.0010787486515641855,0.0,3.804358049067289e-12
atsalasi506,0.0010787486515641855,0.0,3.804358049067289e-12
delisyius,0.0010787486515641855,0.0,3.804358049067289e-12
mush1kera,0.0010787486515641855,0.0,3.804358049067289e-12
ghalbrat,0.0010787486515641855,0.0,3.804358049067289e-12
Javvad_payno,0.0010787486515641855,0.0,3.804358049067289e-12
Rizuka_Miku,0.0010787486515641855,0.0,3.804358049067289e-12
allaboutdinds,0.0010787486515641855,0.0,3.804358049067289e-12
tanyarlfes,0.004314994606256742,0.0,3.385878663669886e-10
LLL2813,0.0010787486515641855,0.0,2.7239203631321787e-09
agoda,0.0010787486515641855,0.0,3.804358049067289e-12
nayapypup,0.0010787486515641855,0.0,8.750023512854765e-11
xanaxx2mg,0.0010787486515641855,0.0,3.804358049067289e-12
zarcastelo,0.0010787486515641855,0.0,8.750023512854765e-11
detikcom,0.016181229773462782,0.0,3.804358049067289e-12
detikkalimantan,0.0010787486515641855,0.0,8.750023512854765e-11
ziera00000,0.0010787486515641855,0.0,2.7239203631321787e-09
2026masihwaras,0.0010787486515641855,0.0,0.00012765246095943503
Shopeeid,0.0010787486515641855,0.0,0.00012765246095943503
Shopeecareid,0.0010787486515641855,0.0,0.00012765246095943503
562ryul,0.0010787486515641855,0.0,3.804358049067289e-12
tiktokIDN,0.002157497303128371,0.0,1.7119611220802795e-10
agung_e_f,0.0010787486515641855,0.0,3.804358049067289e-12
rizkidwika,0.0010787486515641855,0.0,8.750023512854765e-11
lionparcel_,0.002157497303128371,0.0,3.804358049067289e-12
grok,0.0032362459546925564,0.0,1.133698698622052e-09
detikjatim_,0.0010787486515641855,0.0,8.750023512854765e-11
detikjatengcom,0.0010787486515641855,0.0,8.750023512854765e-11
detiksumut_,0.0010787486515641855,0.0,8.750023512854765e-11
detikjabar_,0.0010787486515641855,0.0,8.750023512854765e-11
lytaejeon,0.0010787486515641855,0.0,2.7239203631321787e-09
midnightlovz,0.0010787486515641855,0.0,3.804358049067289e-12
LapakRMB,0.002157497303128371,0.0,1.7119611220802795e-10
itslyanda,0.0010787486515641855,0.0,3.804358049067289e-12
idextratime,0.002157497303128371,0.0,1.7119611220802795e-10
jaeeayam,0.0010787486515641855,0.0,8.750023512854765e-11
bontengatah,0.0010787486515641855,0.0,3.804358049067289e-12
rumahsenja_,0.0010787486515641855,0.0,8.750023512854765e-11
ziwonist_,0.0010787486515641855,0.0,0.00012765246095943503
ShopeeCare,0.004314994606256742,0.0,0.00012765271204706624
ryuticc,0.0010787486515641855,0.0,0.00012765246095943503
Shopeecare,0.0010787486515641855,0.0,0.00012765246095943503
shopeeID,0.0010787486515641855,0.0,0.00012765246095943503
PosIndonesia,0.002157497303128371,0.0,3.804358049067289e-12
_alyrae,0.0010787486515641855,0.0,8.750023512854765e-11
mungilinium,0.0010787486515641855,0.0,3.804358049067289e-12
bierusky,0.002157497303128371,0.0,1.7119611220802795e-10
Ichafaaizah,0.0010787486515641855,0.0,3.804358049067289e-12
kurcanci,0.0010787486515641855,0.0,8.750023512854765e-11
myskill_id,0.002157497303128371,0.0,3.804358049067289e-12
ade__rz,0.0010787486515641855,0.0,3.804358049067289e-12
NayDonuts,0.0010787486515641855,0.0,8.750023512854765e-11
dannycawan,0.0032362459546925564,0.0,3.804358049067289e-12
aquaelektronik,0.0010787486515641855,0.0,8.750023512854765e-11
bellizngham,0.0010787486515641855,0.0,3.804358049067289e-12
thejurgenholic,0.0010787486515641855,0.0,8.750023512854765e-11
dukeofsemarang,0.0010787486515641855,0.0,3.804358049067289e-12
SeaBankID,0.0010787486515641855,0.0,8.750023512854765e-11
icedchocomilk,0.002157497303128371,0.0,3.804358049067289e-12
LazadaID,0.0032362459546925564,0.0,3.1913264560912204e-05
mambarraa,0.0010787486515641855,0.0,3.804358049067289e-12
monggomonggo22,0.0010787486515641855,0.0,8.750023512854765e-11
ekologic4,0.0010787486515641855,0.0,3.804358049067289e-12
LambeSahamjja,0.005393743257820927,0.0,4.222837434464687e-10
elsusanto,0.0010787486515641855,0.0,8.750023512854765e-11
95thvie,0.002157497303128371,0.0,1.7119611220802795e-10
dewantara_adhi,0.002157497303128371,0.0,0.42187555648928127
jtcargoid,0.004314994606256742,0.0,0.4218755567403689
vegetabletouret,0.0010787486515641855,0.0,3.804358049067289e-12
yappingfess,0.0032362459546925564,0.0,2.5489198928750835e-10
fnimah_,0.002157497303128371,0.0,3.804358049067289e-12
TokopediaCare,0.005393743257820927,0.0,4.222837434464687e-10
Yap5gurl,0.0010787486515641855,0.0,3.804358049067289e-12
picoIaser,0.0010787486515641855,0.0,8.750023512854765e-11
naleeccha,0.0010787486515641855,0.0,3.804358049067289e-12
forcarmenx,0.0010787486515641855,0.0,8.750023512854765e-11
sunshinediarie,0.0010787486515641855,0.0,3.804358049067289e-12
HaloBCA,0.0010787486515641855,0.0,8.750023512854765e-11
ymksupremacy,0.0010787486515641855,0.0,3.804358049067289e-12
txtharihariWNI,0.004314994606256742,0.0,3.385878663669886e-10
spicynu666et,0.002157497303128371,0.0,3.804358049067289e-12
detikHikmah,0.0010787486515641855,0.0,8.750023512854765e-11
detik_edu,0.0010787486515641855,0.0,8.750023512854765e-11
96x0723,0.0010787486515641855,0.0,3.804358049067289e-12
detiksumbagsel,0.0010787486515641855,0.0,8.750023512854765e-11
detiksulsel_,0.0010787486515641855,0.0,8.750023512854765e-11
detik_properti,0.0010787486515641855,0.0,8.750023512854765e-11
detikjogja_,0.0010787486515641855,0.0,8.750023512854765e-11
detik_pop,0.0010787486515641855,0.0,8.750023512854765e-11
yangwonkitty,0.0010787486515641855,0.0,3.804358049067289e-12
tertawan__,0.0010787486515641855,0.0,8.750023512854765e-11
ktlzoom,0.0010787486515641855,0.0,3.804358049067289e-12
beluthorbeluth,0.002157497303128371,0.0,3.804358049067289e-12
jsdailydose,0.0010787486515641855,0.0,3.804358049067289e-12
matchacaw_,0.0010787486515641855,0.0,8.750023512854765e-11
zkimjamal,0.0010787486515641855,0.0,3.804358049067289e-12
convomf,0.0010787486515641855,0.0,8.750023512854765e-11
indosatim3,0.0010787486515641855,0.0,3.804358049067289e-12
seilamiavita_,0.0010787486515641855,0.0,8.750023512854765e-11
miawmiaaawmiaw,0.0010787486515641855,0.0,1.8451136537976341e-09
cartbyhshpaw,0.0010787486515641855,0.0,3.804358049067289e-12
pamjaya_dki,0.0010787486515641855,0.0,3.804358049067289e-12
NQza17,0.0010787486515641855,0.0,8.750023512854765e-11
IndiHome,0.0010787486515641855,0.0,3.804358049067289e-12
caramel00ve,0.0010787486515641855,0.0,8.750023512854765e-11
daequbaes,0.0010787486515641855,0.0,2.7239203631321787e-09
sigitbagasp,0.0010787486515641855,0.0,8.750023512854765e-11
mikrokosmuos,0.0010787486515641855,0.0,3.804358049067289e-12
tiket,0.0010787486515641855,0.0,8.750023512854765e-11
zzcozyboyszz,0.0010787486515641855,0.0,1.8451136537976341e-09
aannnjjggg,0.0010787486515641855,0.0,1.8451136537976341e-09
infoPLN,0.0010787486515641855,0.0,1.8451136537976341e-09
infoBMKG,0.0010787486515641855,0.0,1.8451136537976341e-09
KingJames,0.0010787486515641855,0.0,1.8451136537976341e-09
0tk0il,0.0010787486515641855,0.0,1.8451136537976341e-09
tokopidia,0.0010787486515641855,0.0,3.804358049067289e-12
kyailesranstore,0.0010787486515641855,0.0,1.8451136537976341e-09
OinkParkerr,0.0010787486515641855,0.0,3.804358049067289e-12
RFritzy_JKT48,0.0010787486515641855,0.0,8.750023512854765e-11
TikTokShop_IDN,0.0010787486515641855,0.0,9.663069444630914e-10
tokopedia,0.012944983818770225,0.0,0.0001276542604207921
APBNEGARA1,0.0010787486515641855,0.0,3.804358049067289e-12
joonghyyuk,0.0010787486515641855,0.0,3.804358049067289e-12
Rossa_nand,0.002157497303128371,0.0,3.804358049067289e-12
hyunhoii,0.002157497303128371,0.0,8.750023512854765e-11
h3cfort,0.0010787486515641855,0.0,3.804358049067289e-12
sastxra,0.0010787486515641855,0.0,9.663069444630914e-10
kibeomiya,0.0010787486515641855,0.0,3.804358049067289e-12
jaehoney14_,0.0010787486515641855,0.0,3.804358049067289e-12
Hidupiscubaan,0.002157497303128371,0.0,3.804358049067289e-12
txtdarionlshop,0.008629989212513484,0.0,6.733713746849099e-10
ardanayaprdipta,0.004314994606256742,0.0,3.804358049067289e-12
Nin_241,0.0010787486515641855,0.0,8.750023512854765e-11
pzzzzzzt,0.0010787486515641855,0.0,8.750023512854765e-11
Layatan1230,0.002157497303128371,0.0,3.804358049067289e-12
altsirennn,0.002157497303128371,0.0,3.804358049067289e-12
Kemendag,0.0010787486515641855,0.0,8.750023512854765e-11
cloudleskies,0.0032362459546925564,0.0,3.804358049067289e-12
sadtvnic,0.0010787486515641855,0.0,8.750023512854765e-11
guesswho1333,0.002157497303128371,0.0,3.804358049067289e-12
mas_bud12,0.002157497303128371,0.0,3.804358049067289e-12
trisyafahira,0.0032362459546925564,0.0,3.804358049067289e-12
akuultramennnn,0.0010787486515641855,0.0,3.804358049067289e-12
mcflurry_oreo_,0.0010787486515641855,0.0,3.804358049067289e-12
NATJM2525,0.0010787486515641855,0.0,3.804358049067289e-12
ChcooTaro10,0.002157497303128371,0.0,3.804358049067289e-12
rosvellyjane,0.0010787486515641855,0.0,8.750023512854765e-11
arianstories,0.002157497303128371,0.0,3.804358049067289e-12
4419kshop,0.0010787486515641855,0.0,3.804358049067289e-12
Chocoaddict412,0.0010787486515641855,0.0,3.804358049067289e-12
kattipoasmaji,0.002157497303128371,0.0,3.804358049067289e-12
leavingsaturn,0.0010787486515641855,0.0,3.804358049067289e-12
miegorengsakura,0.0010787486515641855,0.0,3.804358049067289e-12
sridwi_k,0.002157497303128371,0.0,3.804358049067289e-12
annacarmys,0.0010787486515641855,0.0,8.750023512854765e-11
jelita01ange,0.002157497303128371,0.0,3.804358049067289e-12
zulfamaharanii,0.0010787486515641855,0.0,3.804358049067289e-12
BAWAN666ORENG,0.002157497303128371,0.0,3.804358049067289e-12
ShopeeXpress,0.0010787486515641855,0.0,8.750023512854765e-11
dummystroy,0.002157497303128371,0.0,3.804358049067289e-12
kegblgnunfaedh,0.0010787486515641855,0.0,8.750023512854765e-11
Gamerkantoranid,0.0010787486515641855,0.0,3.804358049067289e-12
chandrafangli,0.0010787486515641855,0.0,3.804358049067289e-12
citylighteu,0.0010787486515641855,0.0,3.804358049067289e-12
erwin_ekaputra,0.0010787486515641855,0.0,3.804358049067289e-12
makihsk,0.0010787486515641855,0.0,3.804358049067289e-12
tobeleeyciskek,0.0010787486515641855,0.0,3.804358049067289e-12
wigiyantz,0.0010787486515641855,0.0,3.804358049067289e-12
saturndust_id,0.0010787486515641855,0.0,3.804358049067289e-12
leengoyin,0.0032362459546925564,0.0,3.804358049067289e-12
Yuyuuuta555,0.0010787486515641855,0.0,3.804358049067289e-12
naseyaily,0.0010787486515641855,0.0,3.804358049067289e-12
drunkcollaa,0.0010787486515641855,0.0,3.804358049067289e-12
riooedgarr2011,0.0010787486515641855,0.0,3.804358049067289e-12
namu_enthu,0.0010787486515641855,0.0,0.00012765246095943503
sicepat_ekspres,0.006472491909385113,0.0,0.00012765287943882034
yellounjun,0.002157497303128371,0.0,3.804358049067289e-12
puppymoondae,0.0010787486515641855,0.0,8.750023512854765e-11
lietherealpjm,0.0010787486515641855,0.0,3.804358049067289e-12
sukochoarbi,0.0010787486515641855,0.0,3.804358049067289e-12
_gnaahc,0.0010787486515641855,0.0,3.804358049067289e-12
sepurrrrmalam,0.0010787486515641855,0.0,3.804358049067289e-12
anaabeautyy,0.0010787486515641855,0.0,3.804358049067289e-12
PocongSableng,0.0010787486515641855,0.0,3.804358049067289e-12
sugaringvampire,0.0010787486515641855,0.0,3.804358049067289e-12
jesslynmeliana,0.002157497303128371,0.0,3.804358049067289e-12
BonvieHaircare,0.0010787486515641855,0.0,8.750023512854765e-11
adriantom25,0.0010787486515641855,0.0,3.804358049067289e-12
djournal_ty,0.0010787486515641855,0.0,3.804358049067289e-12
yuhuuhappy,0.0010787486515641855,0.0,3.804358049067289e-12
blessedchoke,0.002157497303128371,0.0,3.804358049067289e-12
kopisusumaniss,0.0010787486515641855,0.0,3.804358049067289e-12
oosean_,0.0010787486515641855,0.0,3.804358049067289e-12
oxtavy,0.0010787486515641855,0.0,3.804358049067289e-12
dzakidj,0.002157497303128371,0.0,3.804358049067289e-12
AsmindutAsmi,0.0010787486515641855,0.0,8.750023512854765e-11
jjkkiaa,0.0010787486515641855,0.0,3.804358049067289e-12
tommy_dinuri,0.0010787486515641855,0.0,3.804358049067289e-12
chwejudy,0.0010787486515641855,0.0,3.804358049067289e-12
joshtjen,0.0010787486515641855,0.0,3.804358049067289e-12
pjsjei,0.0010787486515641855,0.0,3.804358049067289e-12
bertautt_,0.0010787486515641855,0.0,3.804358049067289e-12
indazua,0.002157497303128371,0.0,3.804358049067289e-12
discountfess,0.0010787486515641855,0.0,8.750023512854765e-11
moizz168,0.0010787486515641855,0.0,8.750023512854765e-11
woetteo,0.002157497303128371,0.0,3.804358049067289e-12
meowcatgary,0.0010787486515641855,0.0,8.750023512854765e-11
roblox_fess,0.0010787486515641855,0.0,8.750023512854765e-11
elphidrans,0.0010787486515641855,0.0,3.804358049067289e-12
aldotoptopan,0.002157497303128371,0.0,3.804358049067289e-12
jntexpressjatim,0.0010787486515641855,0.0,8.750023512854765e-11
safana_ryan,0.0010787486515641855,0.0,3.804358049067289e-12
SehaCh,0.0010787486515641855,0.0,3.804358049067289e-12
RejunLavota,0.0010787486515641855,0.0,3.804358049067289e-12
kimnnara_,0.0010787486515641855,0.0,3.804358049067289e-12
soondayfav,0.0010787486515641855,0.0,3.804358049067289e-12
bctyrq,0.0010787486515641855,0.0,3.804358049067289e-12
nizarhasyimi,0.0010787486515641855,0.0,3.804358049067289e-12
loeydeux,0.0010787486515641855,0.0,3.804358049067289e-12
kiimjenniejane,0.0010787486515641855,0.0,3.804358049067289e-12
VagaryLeather,0.0010787486515641855,0.0,3.804358049067289e-12
FebrianWahyuu,0.002157497303128371,0.0,3.804358049067289e-12
Hubaidiniii,0.0010787486515641855,0.0,3.804358049067289e-12
BPKN_RI,0.0010787486515641855,0.0,8.750023512854765e-11
babywarri0r,0.0010787486515641855,0.0,3.804358049067289e-12
twelvekyungie,0.0010787486515641855,0.0,3.804358049067289e-12
felix_gaultier,0.0010787486515641855,0.0,3.804358049067289e-12
The_One_0101,0.0010787486515641855,0.0,3.804358049067289e-12
cruisinglewy,0.0010787486515641855,0.0,3.804358049067289e-12
TeinjiDeWulf,0.005393743257820927,0.0,3.804358049067289e-12
boughil,0.0010787486515641855,0.0,8.750023512854765e-11
Little_secret9,0.0010787486515641855,0.0,8.750023512854765e-11
NamaGueAdit,0.0010787486515641855,0.0,3.804358049067289e-12
shiyocha,0.0010787486515641855,0.0,3.804358049067289e-12
2024nabung,0.0010787486515641855,0.0,3.804358049067289e-12
bbrintik,0.0010787486515641855,0.0,3.804358049067289e-12
starboyminu,0.0010787486515641855,0.0,3.804358049067289e-12
MehbobKler,0.002157497303128371,0.0,3.804358049067289e-12
abelcantiko,0.0010787486515641855,0.0,8.750023512854765e-11
castlechae_,0.0010787486515641855,0.0,8.750023512854765e-11
sweetnothnig,0.0010787486515641855,0.0,3.804358049067289e-12
otherhalfmiamor,0.0010787486515641855,0.0,3.804358049067289e-12
Hamdie19,0.0010787486515641855,0.0,3.804358049067289e-12
blueyellowrjn,0.0010787486515641855,0.0,3.804358049067289e-12
Richardjuan30y1,0.0010787486515641855,0.0,3.804358049067289e-12
ursnowflwr,0.0010787486515641855,0.0,3.804358049067289e-12
elweshappy,0.0010787486515641855,0.0,3.804358049067289e-12
BNarararya,0.0010787486515641855,0.0,9.663069444630914e-10
feymales,0.0010787486515641855,0.0,3.804358049067289e-12
chaeee_15,0.0010787486515641855,0.0,3.804358049067289e-12
spawnist,0.0010787486515641855,0.0,3.804358049067289e-12
caseip16,0.0032362459546925564,0.0,3.804358049067289e-12
Boc4h_Old,0.002157497303128371,0.0,1.7119611220802795e-10
doArvani,0.002157497303128371,0.0,3.804358049067289e-12
wonupuyo,0.0010787486515641855,0.0,3.804358049067289e-12
purelifee_,0.0010787486515641855,0.0,3.804358049067289e-12
Ndn23Shade,0.0010787486515641855,0.0,9.663069444630914e-10
Resurrected_ID,0.002157497303128371,0.0,3.804358049067289e-12
Jerseyforum,0.0010787486515641855,0.0,8.750023512854765e-11
ifeltanything,0.0032362459546925564,0.0,3.804358049067289e-12
MantoJc,0.0010787486515641855,0.0,8.750023512854765e-11
tanyakanrl,0.006472491909385113,0.0,5.059796205259489e-10
diannnn____,0.0010787486515641855,0.0,0.00012765246095943503
kisra_fistya,0.002157497303128371,0.0,3.804358049067289e-12
tukangcilokenak,0.0010787486515641855,0.0,9.663069444630914e-10
lemonsquaZes,0.0010787486515641855,0.0,9.663069444630914e-10
yoloboxandrew1,0.002157497303128371,0.0,3.804358049067289e-12
JNE_ID,0.002157497303128371,0.0,1.0500028215425715e-09
KawanLazada,0.0010787486515641855,0.0,8.750023512854765e-11
bukalapakcom,0.0010787486515641855,0.0,8.750023512854765e-11
BlibliCare,0.0010787486515641855,0.0,8.750023512854765e-11
adittxz,0.0010787486515641855,0.0,3.804358049067289e-12
moon_sera11,0.0010787486515641855,0.0,3.804358049067289e-12
AbuzakiAndrizal,0.0010787486515641855,0.0,3.804358049067289e-12
hedionexxx,0.0010787486515641855,0.0,3.804358049067289e-12
simkungjihoonie,0.0010787486515641855,0.0,3.804358049067289e-12
hugmewarmlyy,0.0010787486515641855,0.0,3.804358049067289e-12
IfrizahIzah,0.0010787486515641855,0.0,9.663069444630914e-10
ArdyKomputer,0.0010787486515641855,0.0,9.663069444630914e-10
cedricbadd,0.0010787486515641855,0.0,3.804358049067289e-12
aptxproject,0.0032362459546925564,0.0,3.804358049067289e-12
angedespoir5,0.002157497303128371,0.0,8.750023512854765e-11
nyithatha,0.0010787486515641855,0.0,3.804358049067289e-12
abumbii,0.0010787486515641855,0.0,3.804358049067289e-12
vermouthmei,0.0010787486515641855,0.0,3.804358049067289e-12
awal_pondlove,0.0010787486515641855,0.0,3.804358049067289e-12
cjenniekim,0.0010787486515641855,0.0,3.804358049067289e-12
betteronsatturn,0.002157497303128371,0.0,3.804358049067289e-12
yoifby,0.0010787486515641855,0.0,9.663069444630914e-10
hatearray,0.0010787486515641855,0.0,3.804358049067289e-12
gryffindodor,0.0010787486515641855,0.0,3.804358049067289e-12
0x_manic,0.002157497303128371,0.0,3.804358049067289e-12
ortuseight,0.0010787486515641855,0.0,8.750023512854765e-11
ChndyFny,0.0010787486515641855,0.0,3.804358049067289e-12
cutemistakess,0.0010787486515641855,0.0,3.804358049067289e-12
RihanaPutr80496,0.0010787486515641855,0.0,3.804358049067289e-12
MC_Atra,0.0010787486515641855,0.0,3.804358049067289e-12
famz_habsyz,0.0010787486515641855,0.0,3.804358049067289e-12
Dyanasthasia,0.0010787486515641855,0.0,3.804358049067289e-12
azzam_delapan,0.0010787486515641855,0.0,3.804358049067289e-12
almadyahh,0.0010787486515641855,0.0,3.804358049067289e-12
nims_stores,0.0010787486515641855,0.0,0.00012765246095943503
AraNiagara1,0.0010787486515641855,0.0,3.804358049067289e-12
dii404,0.0010787486515641855,0.0,3.804358049067289e-12
nanamonn_,0.0010787486515641855,0.0,3.804358049067289e-12
byunbear_,0.0010787486515641855,0.0,3.804358049067289e-12
lalapohhh16,0.002157497303128371,0.0,3.804358049067289e-12
ziicewejae,0.0010787486515641855,0.0,8.750023512854765e-11
rendra_cumplunk,0.0010787486515641855,0.0,3.804358049067289e-12
yooyazz,0.0010787486515641855,0.0,3.804358049067289e-12
m1n9yu_ku,0.0032362459546925564,0.0,8.750023512854765e-11
kirimpaketbesar,0.002157497303128371,0.0,1.0500028215425715e-09
the_love_within,0.0010787486515641855,0.0,3.804358049067289e-12
AfrialdyAsyuraB,0.0032362459546925564,0.0,3.804358049067289e-12
devival17,0.0010787486515641855,0.0,3.804358049067289e-12
kireicy,0.0010787486515641855,0.0,3.804358049067289e-12
Peachybearfox,0.0010787486515641855,0.0,3.804358049067289e-12
pmysupport,0.002157497303128371,0.0,3.804358049067289e-12
queerisy,0.0032362459546925564,0.0,2.5489198928750835e-10
withmorklee,0.002157497303128371,0.0,3.804358049067289e-12
mhxserene,0.002157497303128371,0.0,3.804358049067289e-12
efenerr,0.0010787486515641855,0.0,3.804358049067289e-12
MaximilliaMaria,0.0010787486515641855,0.0,0.00012765246095943503
rasjawa,0.0010787486515641855,0.0,3.804358049067289e-12
disiniCharlotte,0.0032362459546925564,0.0,3.804358049067289e-12
abdul_muchith,0.0010787486515641855,0.0,3.804358049067289e-12
amanhabsyie,0.0010787486515641855,0.0,3.804358049067289e-12
skyysparkle,0.002157497303128371,0.0,3.804358049067289e-12
_hirukpikuk_,0.008629989212513484,0.0,3.804358049067289e-12
150K,0.0010787486515641855,0.0,8.750023512854765e-11
780k,0.0010787486515641855,0.0,8.750023512854765e-11
2,0.0010787486515641855,0.0,8.750023512854765e-11
3jt,0.0010787486515641855,0.0,8.750023512854765e-11
1JT,0.0010787486515641855,0.0,8.750023512854765e-11
25K,0.0010787486515641855,0.0,8.750023512854765e-11
zyasssss,0.0010787486515641855,0.0,3.804358049067289e-12
punyacherish,0.0010787486515641855,0.0,0.00012765246095943503
Shopee_id,0.0010787486515641855,0.0,0.00012765246095943503
Nugisuke,0.0010787486515641855,0.0,3.804358049067289e-12
yawnzum,0.0010787486515641855,0.0,3.804358049067289e-12
eveningx_x,0.0010787486515641855,0.0,3.804358049067289e-12
TLD_Survive,0.0010787486515641855,0.0,3.804358049067289e-12
pacarcastorice,0.002157497303128371,0.0,3.804358049067289e-12
sugarsmatcha,0.0010787486515641855,0.0,3.804358049067289e-12
chocoberriesch,0.0010787486515641855,0.0,3.804358049067289e-12
cel3ste_,0.0010787486515641855,0.0,3.804358049067289e-12
Kiyutttiii,0.0010787486515641855,0.0,3.804358049067289e-12
notursugarbae,0.0010787486515641855,0.0,3.804358049067289e-12
marshall_inhere,0.0010787486515641855,0.0,3.804358049067289e-12
nyeongbao,0.0010787486515641855,0.0,3.804358049067289e-12
bereys_,0.002157497303128371,0.0,3.804358049067289e-12
HHaqi87,0.0010787486515641855,0.0,8.750023512854765e-11
tomorocoffee,0.0010787486515641855,0.0,0.42187555648928127
strangers304,0.0010787486515641855,0.0,3.804358049067289e-12
